Date,Voucher Number,Voucher Type,Status,Customer Name,State,Region,Product Name,Quantity,Rate,Product Net Amount,CGST,SGST,IGST,Other Charges,Invoice Total
2026-04-01,GST/0003/26-27,GST Sales,Sale,Anantech Ventures Limited (Sales A/c),Unknown State,Unknown Region,SPONGE IRON,48.85,27700.0,1353145.0,121783.05,121783.05,0,1353145.0,1596711.1
2026-04-01,GST/0004/26-27,GST Sales,Sale,Shivans Steel Private Limited (Sales A/c),Unknown State,Unknown Region,SPONGE IRON,65.39,28825.0,1884866.75,169638.01,169638.01,0,1884866.75,2224142.77
2026-04-06,GST/0023/26-27,GST Sales,Sale,SURYANSH TRACKING SYSTEMS PVT LTD,Unknown State,Unknown Region,Other Waste,32.16,200.0,6432.0,578.88,578.88,0,6432.0,7589.76
2026-04-15,GST/0053/26-27,GST Sales,Sale,SURYANSH TRACKING SYSTEMS PVT LTD,Unknown State,Unknown Region,SPONGE IRON,41.77,29280.0,1223025.6,110072.3,110072.3,0,1223025.6,1443170.2
2026-04-02,GST/0010/26-27,GST Sales,Sale,Anantech Ventures Limited (Sales A/c),Unknown State,Unknown Region,SPONGE IRON,63.95,18400.0,1176680.0,105901.2,105901.2,0,1176680.0,1388482.4
2026-05-18,GST/0112/26-27,GST Sales,Sale,Anantech Ventures Limited (Sales A/c),Unknown State,Unknown Region,SPONGE IRON,65.26,26700.0,1742442.0,156819.78,156819.78,0,1742442.0,2056081.56
2026-05-21,GST/0114/26-27,GST Sales,Sale,Anantech Ventures Limited (Sales A/c),Unknown State,Unknown Region,SPONGE IRON,64.7,26700.0,1727490.0,155474.1,155474.1,0,1727490.0,2038438.2
2026-05-30,GST/0121/26-27,GST Sales,Sale,M/s Pinnacle Solutions,Unknown State,Unknown Region,SPONGE IRON,58.33,26150.0,1525329.5,137279.66,137279.66,0,1525329.5,1799888.82
2026-05-30,GST/0124/26-27,GST Sales,Sale,M/s Pinnacle Solutions,Unknown State,Unknown Region,SPONGE IRON,51.88,26150.0,1356662.0,122099.58,122099.58,0,1356662.0,1600861.16
2026-06-14,GST/0154/26-27,GST Sales,Sale,Shivans Steel Private Limited (Sales A/c),Unknown State,Unknown Region,SPONGE IRON,64.88,26400.0,1712832.0,154154.88,154154.88,0,1712832.0,2021141.76
2026-06-14,GST/0153/26-27,GST Sales,Sale,SURYANSH TRACKING SYSTEMS PVT LTD,Unknown State,Unknown Region,SPONGE IRON,62.64,16380.0,1026043.2,92343.89,92343.89,0,1026043.2,1210730.98
2026-06-24,GST/0171/26-27,GST Sales,Sale,SURYANSH TRACKING SYSTEMS PVT LTD,Unknown State,Unknown Region,SPONGE IRON,30.73,26230.0,806047.9,83191.44,83191.44,0,924349.3,1090732.18
2026-06-24,GST/0171/26-27,GST Sales,Sale,SURYANSH TRACKING SYSTEMS PVT LTD,Unknown State,Unknown Region,SPONGE IRON,4.58,25830.0,118301.4,0.0,0.0,0.0,0.0,0.0
2026-04-28,GST/0066/26-27,GST Sales,Sale,Anantech Ventures Limited (Sales A/c),Unknown State,Unknown Region,SPONGE IRON,60.79,27900.0,1696041.0,152643.69,152643.69,0,1696041.0,2001328.38
2026-05-02,GST/0080/26-27,GST Sales,Sale,Cash,Unknown State,Unknown Region,Services/Ledger Entry,,,0.0,0,0,0,0.0,0.0
2026-04-28,GST/0068/26-27,GST Sales,Sale,Anantech Ventures Limited (Sales A/c),Unknown State,Unknown Region,SPONGE IRON,65.56,28000.0,1835680.0,165211.2,165211.2,0,1835680.0,2166102.4
2026-05-09,GST/0095/26-27,GST Sales,Sale,Cash,Unknown State,Unknown Region,Services/Ledger Entry,,,0.0,0,0,0,0.0,0.0
2026-05-13,GST/0103/26-27,GST Sales,Sale,Cash,Unknown State,Unknown Region,Services/Ledger Entry,,,0.0,0,0,0,0.0,0.0
2026-04-28,GST/0067/26-27,GST Sales,Sale,Palamu Iron & Steel,Unknown State,Unknown Region,SPONGE IRON,62.85,28300.0,1778655.0,160078.95,160078.95,0,1778655.0,2098812.9
2026-04-28,GST/0069/26-27,GST Sales,Sale,Anantech Ventures Limited (Sales A/c),Unknown State,Unknown Region,SPONGE IRON,64.89,28000.0,1816920.0,163522.8,163522.8,0,1816920.0,2143965.6
2026-06-11,GST/0144/26-27,GST Sales,Sale,Cash,Unknown State,Unknown Region,Services/Ledger Entry,,,0.0,0,0,0,0.0,0.0
2026-06-13,GST/0149/26-27,GST Sales,Sale,Cash,Unknown State,Unknown Region,Services/Ledger Entry,,,0.0,0,0,0,0.0,0.0
2026-04-29,GST/0072/26-27,GST Sales,Sale,Anantech Ventures Limited (Sales A/c),Unknown State,Unknown Region,SPONGE IRON,64.75,27500.0,1780625.0,160256.25,160256.25,0,1780625.0,2101137.5
2026-04-29,GST/0070/26-27,GST Sales,Sale,Anantech Ventures Limited (Sales A/c),Unknown State,Unknown Region,SPONGE IRON,45.48,28000.0,1273440.0,166854.24,166854.24,0,1853936.0,2187644.48
2026-04-29,GST/0070/26-27,GST Sales,Sale,Anantech Ventures Limited (Sales A/c),Unknown State,Unknown Region,SPONGE IRON,19.88,29200.0,580496.0,0.0,0.0,0.0,0.0,0.0
2026-07-05,GST/0196/26-27,GST Sales,Sale,Cash,Unknown State,Unknown Region,Services/Ledger Entry,,,0.0,0,0,0,0.0,0.0
2026-04-29,GST/0071/26-27,GST Sales,Sale,Anantech Ventures Limited (Sales A/c),Unknown State,Unknown Region,SPONGE IRON,62.11,27500.0,1708025.0,153722.25,153722.25,0,1708025.0,2015469.5
2026-07-07,GST/0202/26-27,GST Sales,Sale,Cash,Unknown State,Unknown Region,Services/Ledger Entry,,,0.0,0,0,0,0.0,0.0
2026-04-30,GST/0073/26-27,GST Sales,Sale,SURYANSH TRACKING SYSTEMS PVT LTD,Unknown State,Unknown Region,SPONGE IRON,41.96,30080.0,1262156.8,113594.11,113594.11,0,1262156.8,1489345.02
2026-04-30,GST/0074/26-27,GST Sales,Sale,SURYANSH TRACKING SYSTEMS PVT LTD,Unknown State,Unknown Region,SPONGE IRON,41.2,30080.0,1239296.0,111536.64,111536.64,0,1239296.0,1462369.28
2026-05-01,GST/0077/26-27,GST Sales,Sale,Anantech Ventures Limited (Sales A/c),Unknown State,Unknown Region,SPONGE IRON,64.78,28000.0,1813840.0,163245.6,163245.6,0,1813840.0,2140331.2
2026-05-02,GST/0081/26-27,GST Sales,Sale,SURYANSH TRACKING SYSTEMS PVT LTD,Unknown State,Unknown Region,SPONGE IRON,40.57,30080.0,1220345.6,113942.01,113942.01,0,1266022.4,1493906.42
2026-05-02,GST/0081/26-27,GST Sales,Sale,SURYANSH TRACKING SYSTEMS PVT LTD,Unknown State,Unknown Region,SPONGE IRON,1.56,29280.0,45676.8,0.0,0.0,0.0,0.0,0.0
2026-05-04,GST/0084/26-27,GST Sales,Sale,Anantech Ventures Limited (Sales A/c),Unknown State,Unknown Region,SPONGE IRON,25.4,28000.0,711200.0,162622.8,162622.8,0,1806920.0,2132165.6
2026-05-04,GST/0084/26-27,GST Sales,Sale,Anantech Ventures Limited (Sales A/c),Unknown State,Unknown Region,SPONGE IRON,39.7,27600.0,1095720.0,0.0,0.0,0.0,0.0,0.0
2026-05-05,GST/0087/26-27,GST Sales,Sale,SURYANSH TRACKING SYSTEMS PVT LTD,Unknown State,Unknown Region,SPONGE IRON,42.38,29280.0,1240886.4,111679.78,111679.78,0,1240886.4,1464245.96
2026-05-01,GST/0075/26-27,GST Sales,Sale,Palamu Iron & Steel,Unknown State,Unknown Region,SPONGE IRON,60.48,28300.0,1711584.0,154042.56,154042.56,0,1711584.0,2019669.12
2026-05-01,GST/0079/26-27,GST Sales,Sale,Anantech Ventures Limited (Sales A/c),Unknown State,Unknown Region,SPONGE IRON,66.01,18400.0,1214584.0,109312.56,109312.56,0,1214584.0,1433209.12
2026-05-03,GST/0082/26-27,GST Sales,Sale,SURYANSH TRACKING SYSTEMS PVT LTD,Unknown State,Unknown Region,SPONGE IRON,41.59,29280.0,1217755.2,109597.97,109597.97,0,1217755.2,1436951.14
2026-05-04,GST/0086/26-27,GST Sales,Sale,Anantech Ventures Limited (Sales A/c),Unknown State,Unknown Region,SPONGE IRON,18.73,28000.0,524440.0,164593.44,164593.44,0,1828816.0,2158002.88
2026-05-04,GST/0086/26-27,GST Sales,Sale,Anantech Ventures Limited (Sales A/c),Unknown State,Unknown Region,SPONGE IRON,47.26,27600.0,1304376.0,0.0,0.0,0.0,0.0,0.0
2026-05-05,GST/0089/26-27,GST Sales,Sale,Anantech Ventures Limited (Sales A/c),Unknown State,Unknown Region,SPONGE IRON,62.53,27500.0,1719575.0,154761.75,154761.75,0,1719575.0,2029098.5
2026-05-07,DN/26-27/001,Debit Note (Sales),Sale,SURYANSH TRACKING SYSTEMS PVT LTD,Unknown State,Unknown Region,SPONGE IRON,0.0,0.0,63650.0,5728.5,5728.5,0,63650.0,75107.0
2026-05-07,GST/0093/26-27,GST Sales,Sale,Anantech Ventures Limited (Sales A/c),Unknown State,Unknown Region,SPONGE IRON,64.21,27500.0,1765775.0,158919.75,158919.75,0,1765775.0,2083614.5
2026-05-09,GST/0098/26-27,GST Sales,Sale,Palamu Iron & Steel,Unknown State,Unknown Region,SPONGE IRON,64.07,28300.0,1813181.0,163186.29,163186.29,0,1813181.0,2139553.58
2026-05-01,GST/0078/26-27,GST Sales,Sale,Anantech Ventures Limited (Sales A/c),Unknown State,Unknown Region,SPONGE IRON,64.71,28000.0,1811880.0,163069.2,163069.2,0,1811880.0,2138018.4
2026-05-04,GST/0085/26-27,GST Sales,Sale,Anantech Ventures Limited (Sales A/c),Unknown State,Unknown Region,SPONGE IRON,65.18,27600.0,1798968.0,161907.12,161907.12,0,1798968.0,2122782.24
2026-05-05,GST/0088/26-27,GST Sales,Sale,Anantech Ventures Limited (Sales A/c),Unknown State,Unknown Region,SPONGE IRON,65.07,28000.0,1821960.0,163976.4,163976.4,0,1821960.0,2149912.8
2026-05-07,GST/0092/26-27,GST Sales,Sale,Anantech Ventures Limited (Sales A/c),Unknown State,Unknown Region,SPONGE IRON,64.78,27600.0,1787928.0,160913.52,160913.52,0,1787928.0,2109755.04
2026-05-09,GST/0097/26-27,GST Sales,Sale,SURYANSH TRACKING SYSTEMS PVT LTD,Unknown State,Unknown Region,SPONGE IRON,36.33,29580.0,1074641.4,96717.73,96717.73,0,1074641.4,1268076.86
2026-05-01,GST/0076/26-27,GST Sales,Sale,Palamu Iron & Steel,Unknown State,Unknown Region,SPONGE IRON,59.64,28300.0,1687812.0,151903.08,151903.08,0,1687812.0,1991618.16
2026-05-03,GST/0083/26-27,GST Sales,Sale,Anantech Ventures Limited (Sales A/c),Unknown State,Unknown Region,SPONGE IRON,64.82,28000.0,1814960.0,163346.4,163346.4,0,1814960.0,2141652.8
2026-05-07,GST/0090/26-27,GST Sales,Sale,SURYANSH TRACKING SYSTEMS PVT LTD,Unknown State,Unknown Region,SPONGE IRON,42.25,29780.0,1258205.0,113238.45,113238.45,0,1258205.0,1484681.9
2026-05-08,GST/0094/26-27,GST Sales,Sale,Anantech Ventures Limited (Sales A/c),Unknown State,Unknown Region,SPONGE IRON,57.57,29200.0,1681044.0,167891.0,167891.0,0,1865455.5,2201237.5
2026-05-08,GST/0094/26-27,GST Sales,Sale,Anantech Ventures Limited (Sales A/c),Unknown State,Unknown Region,SPONGE IRON,6.37,28950.0,184411.5,0.0,0.0,0.0,0.0,0.0
2026-05-09,GST/0099/26-27,GST Sales,Sale,Anantech Ventures Limited (Sales A/c),Unknown State,Unknown Region,SPONGE IRON,64.45,26800.0,1727260.0,155453.4,155453.4,0,1727260.0,2038166.8
2026-05-07,GST/0091/26-27,GST Sales,Sale,Anantech Ventures Limited (Sales A/c),Unknown State,Unknown Region,SPONGE IRON,65.78,27600.0,1815528.0,163397.52,163397.52,0,1815528.0,2142323.04
2026-05-09,GST/0096/26-27,GST Sales,Sale,Palamu Iron & Steel,Unknown State,Unknown Region,SPONGE IRON,52.31,28300.0,1480373.0,133233.57,133233.57,0,1480373.0,1746840.14
2026-05-09,GST/0100/26-27,GST Sales,Sale,Anantech Ventures Limited (Sales A/c),Unknown State,Unknown Region,SPONGE IRON,64.84,27600.0,1789584.0,161062.56,161062.56,0,1789584.0,2111709.12
2026-05-11,GST/0101/26-27,GST Sales,Sale,SURYANSH TRACKING SYSTEMS PVT LTD,Unknown State,Unknown Region,SPONGE IRON,30.45,29780.0,906801.0,110600.37,110600.37,0,1228893.0,1450093.74
2026-05-11,GST/0101/26-27,GST Sales,Sale,SURYANSH TRACKING SYSTEMS PVT LTD,Unknown State,Unknown Region,SPONGE IRON,11.67,27600.0,322092.0,0.0,0.0,0.0,0.0,0.0
2026-05-11,GST/0102/26-27,GST Sales,Sale,Anantech Ventures Limited (Sales A/c),Unknown State,Unknown Region,SPONGE IRON,64.66,27600.0,1784616.0,160615.44,160615.44,0,1784616.0,2105846.88
2026-04-01,GST/0001/26-27,GST Sales,Sale,Anantech Ventures Limited (Sales A/c),Unknown State,Unknown Region,SPONGE IRON,64.76,27700.0,1793852.0,161446.68,161446.68,0,1793852.0,2116745.36
2026-04-01,GST/0005/26-27,GST Sales,Sale,Shivans Steel Private Limited (Sales A/c),Unknown State,Unknown Region,SPONGE IRON,63.18,28825.0,1821163.5,163904.72,163904.72,0,1821163.5,2148972.94
2026-04-02,GST/0009/26-27,GST Sales,Sale,SHRI SHYAM METALLICS,Unknown State,Unknown Region,SPONGE IRON,54.46,27500.0,1497650.0,0,0,296893.8,1649410.0,1946303.8
2026-04-02,GST/0009/26-27,GST Sales,Sale,SHRI SHYAM METALLICS,Unknown State,Unknown Region,SPONGE IRON,5.42,28000.0,151760.0,0.0,0.0,0.0,0.0,0.0
2026-04-02,GST/0013/26-27,GST Sales,Sale,SURYANSH TRACKING SYSTEMS PVT LTD,Unknown State,Unknown Region,Other Waste,36.64,200.0,7328.0,659.52,659.52,0,7328.0,8647.04
2026-04-04,GST/0019/26-27,GST Sales,Sale,SURYANSH TRACKING SYSTEMS PVT LTD,Unknown State,Unknown Region,Other Waste,34.33,200.0,6866.0,617.94,617.94,0,6866.0,8101.88
2026-04-05,GST/0020/26-27,GST Sales,Sale,Anantech Ventures Limited (Sales A/c),Unknown State,Unknown Region,SPONGE IRON,15.14,27700.0,419378.0,162763.74,162763.74,0,1808486.0,2134013.48
2026-04-05,GST/0020/26-27,GST Sales,Sale,Anantech Ventures Limited (Sales A/c),Unknown State,Unknown Region,SPONGE IRON,25.99,28000.0,727720.0,0.0,0.0,0.0,0.0,0.0
2026-04-05,GST/0020/26-27,GST Sales,Sale,Anantech Ventures Limited (Sales A/c),Unknown State,Unknown Region,SPONGE IRON,23.92,27650.0,661388.0,0.0,0.0,0.0,0.0,0.0
2026-04-01,GST/0002/26-27,GST Sales,Sale,SURYANSH TRACKING SYSTEMS PVT LTD,Unknown State,Unknown Region,SPONGE IRON,49.35,28880.0,1425228.0,128270.52,128270.52,0,1425228.0,1681769.04
2026-04-01,GST/0006/26-27,GST Sales,Sale,SHRI SHYAM METALLICS,Unknown State,Unknown Region,SPONGE IRON,61.47,28000.0,1721160.0,0,0,309808.8,1721160.0,2030968.8
2026-04-02,GST/0014/26-27,GST Sales,Sale,SURYANSH TRACKING SYSTEMS PVT LTD,Unknown State,Unknown Region,SPONGE IRON,57.71,27980.0,1614725.8,160036.79,160036.79,0,1778186.6,2098260.18
2026-04-02,GST/0014/26-27,GST Sales,Sale,SURYANSH TRACKING SYSTEMS PVT LTD,Unknown State,Unknown Region,SPONGE IRON,5.66,28880.0,163460.8,0.0,0.0,0.0,0.0,0.0
2026-04-04,GST/0016/26-27,GST Sales,Sale,Anantech Ventures Limited (Sales A/c),Unknown State,Unknown Region,SPONGE IRON,65.18,27700.0,1805486.0,162493.74,162493.74,0,1805486.0,2130473.48
2026-04-05,GST/0021/26-27,GST Sales,Sale,Shivans Steel Private Limited (Sales A/c),Unknown State,Unknown Region,SPONGE IRON,38.74,28825.0,1116680.5,170976.47,170976.47,0,1899738.5,2241691.44
2026-04-05,GST/0021/26-27,GST Sales,Sale,Shivans Steel Private Limited (Sales A/c),Unknown State,Unknown Region,SPONGE IRON,26.68,29350.0,783058.0,0.0,0.0,0.0,0.0,0.0
2026-04-06,GST/0025/26-27,GST Sales,Sale,Anantech Ventures Limited (Sales A/c),Unknown State,Unknown Region,SPONGE IRON,64.68,27700.0,1791636.0,161247.24,161247.24,0,1791636.0,2114130.48
2026-04-01,GST/0007/26-27,GST Sales,Sale,Anantech Ventures Limited (Sales A/c),Unknown State,Unknown Region,SPONGE IRON,64.84,27700.0,1796068.0,161646.12,161646.12,0,1796068.0,2119360.24
2026-04-02,GST/0011/26-27,GST Sales,Sale,SURYANSH TRACKING SYSTEMS PVT LTD,Unknown State,Unknown Region,Other Waste,38.57,200.0,7714.0,694.26,694.26,0,7714.0,9102.52
2026-04-04,GST/0017/26-27,GST Sales,Sale,SURYANSH TRACKING SYSTEMS PVT LTD,Unknown State,Unknown Region,Other Waste,36.9,200.0,7380.0,664.2,664.2,0,7380.0,8708.4
2026-04-05,GST/0022/26-27,GST Sales,Sale,Shivans Steel Private Limited (Sales A/c),Unknown State,Unknown Region,SPONGE IRON,64.6,29350.0,1896010.0,170640.9,170640.9,0,1896010.0,2237291.8
2026-04-01,GST/0008/26-27,GST Sales,Sale,SURYANSH TRACKING SYSTEMS PVT LTD,Unknown State,Unknown Region,Other Waste,30.11,200.0,6022.0,541.98,541.98,0,6022.0,7105.96
2026-04-02,GST/0012/26-27,GST Sales,Sale,SURYANSH TRACKING SYSTEMS PVT LTD,Unknown State,Unknown Region,SPONGE IRON,48.5,28880.0,1400680.0,126061.2,126061.2,0,1400680.0,1652802.4
2026-04-03,GST/0015/26-27,GST Sales,Sale,Anantech Ventures Limited (Sales A/c),Unknown State,Unknown Region,SPONGE IRON,64.97,27700.0,1799669.0,161970.21,161970.21,0,1799669.0,2123609.42
2026-04-04,GST/0018/26-27,GST Sales,Sale,SURYANSH TRACKING SYSTEMS PVT LTD,Unknown State,Unknown Region,Other Waste,30.91,200.0,6182.0,556.38,556.38,0,6182.0,7294.76
2026-04-06,GST/0024/26-27,GST Sales,Sale,SURYANSH TRACKING SYSTEMS PVT LTD,Unknown State,Unknown Region,Other Waste,30.61,200.0,6122.0,550.98,550.98,0,6122.0,7223.96
2026-04-07,GST/0029/26-27,GST Sales,Sale,Anantech Ventures Limited (Sales A/c),Unknown State,Unknown Region,SPONGE IRON,48.29,27900.0,1347291.0,121256.19,121256.19,0,1347291.0,1589803.38
2026-04-08,GST/0034/26-27,GST Sales,Sale,SHRI SHYAM METALLICS,Unknown State,Unknown Region,SPONGE IRON,61.78,28900.0,1785442.0,0,0,321379.56,1785442.0,2106821.56
2026-04-09,GST/0039/26-27,GST Sales,Sale,Shivans Steel Private Limited (Sales A/c),Unknown State,Unknown Region,SPONGE IRON,64.57,29350.0,1895129.5,170561.66,170561.66,0,1895129.5,2236252.82
2026-04-06,GST/0026/26-27,GST Sales,Sale,SHRI SHYAM METALLICS,Unknown State,Unknown Region,SPONGE IRON,81.12,28000.0,2271360.0,0,0,408844.8,2271360.0,2680204.8
2026-04-08,GST/0032/26-27,GST Sales,Sale,SHRI SHYAM METALLICS,Unknown State,Unknown Region,SPONGE IRON,58.52,28900.0,1691228.0,0,0,304421.04,1691228.0,1995649.04
2026-04-08,GST/0036/26-27,GST Sales,Sale,Shivans Steel Private Limited (Sales A/c),Unknown State,Unknown Region,SPONGE IRON,65.04,29350.0,1908924.0,171803.16,171803.16,0,1908924.0,2252530.32
2026-04-09,GST/0041/26-27,GST Sales,Sale,Anantech Ventures Limited (Sales A/c),Unknown State,Unknown Region,SPONGE IRON,64.55,28000.0,1807400.0,162666.0,162666.0,0,1807400.0,2132732.0
2026-04-06,GST/0027/26-27,GST Sales,Sale,SHRI SHYAM METALLICS,Unknown State,Unknown Region,SPONGE IRON,81.19,28000.0,2273320.0,0,0,409197.6,2273320.0,2682517.6
2026-04-07,GST/0028/26-27,GST Sales,Sale,Anantech Ventures Limited (Sales A/c),Unknown State,Unknown Region,SPONGE IRON,50.44,27700.0,1397188.0,162337.32,162337.32,0,1803748.0,2128422.64
2026-04-07,GST/0028/26-27,GST Sales,Sale,Anantech Ventures Limited (Sales A/c),Unknown State,Unknown Region,SPONGE IRON,14.52,28000.0,406560.0,0.0,0.0,0.0,0.0,0.0
2026-04-08,GST/0033/26-27,GST Sales,Sale,Anantech Ventures Limited (Sales A/c),Unknown State,Unknown Region,SPONGE IRON,43.76,27900.0,1220904.0,109881.36,109881.36,0,1220904.0,1440666.72
2026-04-08,GST/0037/26-27,GST Sales,Sale,Anantech Ventures Limited (Sales A/c),Unknown State,Unknown Region,SPONGE IRON,64.82,18400.0,1192688.0,107341.92,107341.92,0,1192688.0,1407371.84
2026-04-09,GST/0038/26-27,GST Sales,Sale,SURYANSH TRACKING SYSTEMS PVT LTD,Unknown State,Unknown Region,Other Waste,31.25,200.0,6250.0,562.5,562.5,0,6250.0,7375.0
2026-04-07,GST/0030/26-27,GST Sales,Sale,SHRI SHYAM METALLICS,Unknown State,Unknown Region,SPONGE IRON,50.3,28000.0,1408400.0,0,0,412537.14,2291873.0,2704410.14
2026-04-07,GST/0030/26-27,GST Sales,Sale,SHRI SHYAM METALLICS,Unknown State,Unknown Region,SPONGE IRON,30.57,28900.0,883473.0,0.0,0.0,0.0,0.0,0.0
2026-04-08,GST/0031/26-27,GST Sales,Sale,SURYANSH TRACKING SYSTEMS PVT LTD,Unknown State,Unknown Region,Other Waste,24.33,200.0,4866.0,437.94,437.94,0,4866.0,5741.88
2026-04-08,GST/0035/26-27,GST Sales,Sale,Anantech Ventures Limited (Sales A/c),Unknown State,Unknown Region,SPONGE IRON,25.58,27700.0,708566.0,161990.15,161990.15,0,1799890.5,2123870.8
2026-04-08,GST/0035/26-27,GST Sales,Sale,Anantech Ventures Limited (Sales A/c),Unknown State,Unknown Region,SPONGE IRON,18.9,28000.0,529200.0,0.0,0.0,0.0,0.0,0.0
2026-04-08,GST/0035/26-27,GST Sales,Sale,Anantech Ventures Limited (Sales A/c),Unknown State,Unknown Region,SPONGE IRON,20.33,27650.0,562124.5,0.0,0.0,0.0,0.0,0.0
2026-04-09,GST/0040/26-27,GST Sales,Sale,Anantech Ventures Limited (Sales A/c),Unknown State,Unknown Region,SPONGE IRON,65.18,28000.0,1825040.0,164253.6,164253.6,0,1825040.0,2153547.2
2026-04-11,GST/0045/26-27,GST Sales,Sale,SURYANSH TRACKING SYSTEMS PVT LTD,Unknown State,Unknown Region,Other Waste,30.03,200.0,6006.0,540.54,540.54,0,6006.0,7087.08
2026-04-13,GST/0050/26-27,GST Sales,Sale,Anantech Ventures Limited (Sales A/c),Unknown State,Unknown Region,SPONGE IRON,49.89,27900.0,1391931.0,125273.79,125273.79,0,1391931.0,1642478.58
2026-04-10,GST/0042/26-27,GST Sales,Sale,Anantech Ventures Limited (Sales A/c),Unknown State,Unknown Region,SPONGE IRON,62.02,27700.0,1717954.0,154615.86,154615.86,0,1717954.0,2027185.72
2026-04-11,GST/0046/26-27,GST Sales,Sale,SHRI SHYAM METALLICS,Unknown State,Unknown Region,SPONGE IRON,36.37,28900.0,1051093.0,0,0,329907.06,1832817.0,2162724.06
2026-04-11,GST/0046/26-27,GST Sales,Sale,SHRI SHYAM METALLICS,Unknown State,Unknown Region,SPONGE IRON,26.68,29300.0,781724.0,0.0,0.0,0.0,0.0,0.0
2026-04-12,GST/0047/26-27,GST Sales,Sale,Anantech Ventures Limited (Sales A/c),Unknown State,Unknown Region,SPONGE IRON,48.83,27900.0,1362357.0,122612.13,122612.13,0,1362357.0,1607581.26
2026-04-13,GST/0051/26-27,GST Sales,Sale,Shivans Steel Private Limited (Sales A/c),Unknown State,Unknown Region,SPONGE IRON,65.5,29350.0,1922425.0,173018.25,173018.25,0,1922425.0,2268461.5
2026-04-14,GST/0052/26-27,GST Sales,Sale,Anantech Ventures Limited (Sales A/c),Unknown State,Unknown Region,SPONGE IRON,48.83,28000.0,1367240.0,165888.0,165888.0,0,1843200.0,2174976.0
2026-04-14,GST/0052/26-27,GST Sales,Sale,Anantech Ventures Limited (Sales A/c),Unknown State,Unknown Region,SPONGE IRON,16.3,29200.0,475960.0,0.0,0.0,0.0,0.0,0.0
2026-04-11,GST/0043/26-27,GST Sales,Sale,SHRI SHYAM METALLICS,Unknown State,Unknown Region,SPONGE IRON,62.76,28900.0,1813764.0,0,0,326477.52,1813764.0,2140241.52
2026-04-12,GST/0048/26-27,GST Sales,Sale,Shivans Steel Private Limited (Sales A/c),Unknown State,Unknown Region,SPONGE IRON,64.7,29350.0,1898945.0,170905.05,170905.05,0,1898945.0,2240755.1
2026-04-11,GST/0044/26-27,GST Sales,Sale,Anantech Ventures Limited (Sales A/c),Unknown State,Unknown Region,SPONGE IRON,48.41,27900.0,1350639.0,121557.51,121557.51,0,1350639.0,1593754.02
2026-04-12,GST/0049/26-27,GST Sales,Sale,Anantech Ventures Limited (Sales A/c),Unknown State,Unknown Region,SPONGE IRON,41.1,28000.0,1150800.0,167774.04,167774.04,0,1864156.0,2199704.08
2026-04-12,GST/0049/26-27,GST Sales,Sale,Anantech Ventures Limited (Sales A/c),Unknown State,Unknown Region,SPONGE IRON,24.43,29200.0,713356.0,0.0,0.0,0.0,0.0,0.0
2026-04-17,GST/0055/26-27,GST Sales,Sale,SURYANSH TRACKING SYSTEMS PVT LTD,Unknown State,Unknown Region,SPONGE IRON,7.18,28880.0,207358.4,113333.04,113333.04,0,1259256.0,1485922.08
2026-04-17,GST/0055/26-27,GST Sales,Sale,SURYANSH TRACKING SYSTEMS PVT LTD,Unknown State,Unknown Region,SPONGE IRON,34.97,30080.0,1051897.6,0.0,0.0,0.0,0.0,0.0
2026-04-19,GST/0058/26-27,GST Sales,Sale,Anantech Ventures Limited (Sales A/c),Unknown State,Unknown Region,SPONGE IRON,51.4,18400.0,945760.0,85118.4,85118.4,0,945760.0,1115996.8
2026-04-17,GST/0054/26-27,GST Sales,Sale,Anantech Ventures Limited (Sales A/c),Unknown State,Unknown Region,SPONGE IRON,65.44,29200.0,1910848.0,171976.32,171976.32,0,1910848.0,2254800.64
2026-04-18,GST/0057/26-27,GST Sales,Sale,Anantech Ventures Limited (Sales A/c),Unknown State,Unknown Region,SPONGE IRON,47.57,27900.0,1327203.0,119448.27,119448.27,0,1327203.0,1566099.54
2026-04-19,GST/0059/26-27,GST Sales,Sale,Anantech Ventures Limited (Sales A/c),Unknown State,Unknown Region,SPONGE IRON,64.43,29200.0,1881356.0,169322.04,169322.04,0,1881356.0,2220000.08
2026-04-20,GST/0060/26-27,GST Sales,Sale,Anantech Ventures Limited (Sales A/c),Unknown State,Unknown Region,SPONGE IRON,64.55,30300.0,1955865.0,176027.85,176027.85,0,1955865.0,2307920.7
2026-04-18,GST/0056/26-27,GST Sales,Sale,Anantech Ventures Limited (Sales A/c),Unknown State,Unknown Region,SPONGE IRON,46.74,27900.0,1304046.0,117364.14,117364.14,0,1304046.0,1538774.28
2026-04-22,GST/0061/26-27,GST Sales,Sale,SURYANSH TRACKING SYSTEMS PVT LTD,Unknown State,Unknown Region,SPONGE IRON,41.3,30080.0,1242304.0,111807.36,111807.36,0,1242304.0,1465918.72
2026-04-24,GST/0062/26-27,GST Sales,Sale,Anantech Ventures Limited (Sales A/c),Unknown State,Unknown Region,SPONGE IRON,46.39,27900.0,1294281.0,116485.29,116485.29,0,1294281.0,1527251.58
2026-04-25,GST/0063/26-27,GST Sales,Sale,Anantech Ventures Limited (Sales A/c),Unknown State,Unknown Region,SPONGE IRON,65.71,28000.0,1839880.0,165589.2,165589.2,0,1839880.0,2171058.4
2026-04-25,GST/0065/26-27,GST Sales,Sale,Anantech Ventures Limited (Sales A/c),Unknown State,Unknown Region,SPONGE IRON,44.97,27900.0,1254663.0,112919.67,112919.67,0,1254663.0,1480502.34
2026-04-25,GST/0064/26-27,GST Sales,Sale,Anantech Ventures Limited (Sales A/c),Unknown State,Unknown Region,SPONGE IRON,65.4,28000.0,1831200.0,164808.0,164808.0,0,1831200.0,2160816.0
2026-05-13,GST/0105/26-27,GST Sales,Sale,SURYANSH TRACKING SYSTEMS PVT LTD,Unknown State,Unknown Region,SPONGE IRON,35.75,29580.0,1057485.0,95173.65,95173.65,0,1057485.0,1247832.3
2026-05-13,GST/0104/26-27,GST Sales,Sale,Anantech Ventures Limited (Sales A/c),Unknown State,Unknown Region,SPONGE IRON,37.96,27600.0,1047696.0,158380.65,158380.65,0,1759785.0,2076546.3
2026-05-13,GST/0104/26-27,GST Sales,Sale,Anantech Ventures Limited (Sales A/c),Unknown State,Unknown Region,SPONGE IRON,26.67,26700.0,712089.0,0.0,0.0,0.0,0.0,0.0
2026-05-14,GST/0107/26-27,GST Sales,Sale,Palamu Iron & Steel,Unknown State,Unknown Region,SPONGE IRON,63.8,26800.0,1709840.0,153885.6,153885.6,0,1709840.0,2017611.2
2026-05-15,GST/0109/26-27,GST Sales,Sale,Anantech Ventures Limited (Sales A/c),Unknown State,Unknown Region,SPONGE IRON,49.84,27600.0,1375584.0,159342.93,159342.93,0,1770477.0,2089162.86
2026-05-15,GST/0109/26-27,GST Sales,Sale,Anantech Ventures Limited (Sales A/c),Unknown State,Unknown Region,SPONGE IRON,14.79,26700.0,394893.0,0.0,0.0,0.0,0.0,0.0
2026-05-14,GST/0106/26-27,GST Sales,Sale,SURYANSH TRACKING SYSTEMS PVT LTD,Unknown State,Unknown Region,SPONGE IRON,35.34,27300.0,964782.0,86830.38,86830.38,0,964782.0,1138442.76
2026-05-15,GST/0108/26-27,GST Sales,Sale,Anantech Ventures Limited (Sales A/c),Unknown State,Unknown Region,SPONGE IRON,30.56,27700.0,846512.0,165520.8,165520.8,0,1839120.0,2170161.6
2026-05-15,GST/0108/26-27,GST Sales,Sale,Anantech Ventures Limited (Sales A/c),Unknown State,Unknown Region,SPONGE IRON,10.38,28000.0,290640.0,0.0,0.0,0.0,0.0,0.0
2026-05-15,GST/0108/26-27,GST Sales,Sale,Anantech Ventures Limited (Sales A/c),Unknown State,Unknown Region,SPONGE IRON,24.04,29200.0,701968.0,0.0,0.0,0.0,0.0,0.0
2026-05-15,GST/0110/26-27,GST Sales,Sale,Palamu Iron & Steel,Unknown State,Unknown Region,SPONGE IRON,65.19,26800.0,1747092.0,157238.28,157238.28,0,1747092.0,2061568.56
2026-05-17,GST/0111/26-27,GST Sales,Sale,Anantech Ventures Limited (Sales A/c),Unknown State,Unknown Region,SPONGE IRON,64.05,29200.0,1870260.0,168323.4,168323.4,0,1870260.0,2206906.8
2026-05-18,GST/0113/26-27,GST Sales,Sale,Anantech Ventures Limited (Sales A/c),Unknown State,Unknown Region,SPONGE IRON,65.51,26700.0,1749117.0,157420.53,157420.53,0,1749117.0,2063958.06
2026-05-22,GST/0115/26-27,GST Sales,Sale,Anantech Ventures Limited (Sales A/c),Unknown State,Unknown Region,SPONGE IRON,64.64,26700.0,1725888.0,155329.92,155329.92,0,1725888.0,2036547.84
2026-05-25,GST/0116/26-27,GST Sales,Sale,Anantech Ventures Limited (Sales A/c),Unknown State,Unknown Region,SPONGE IRON,65.51,26700.0,1749117.0,157420.53,157420.53,0,1749117.0,2063958.06
2026-05-28,GST/0118/26-27,GST Sales,Sale,M/s Pinnacle Solutions,Unknown State,Unknown Region,SPONGE IRON,50.36,26150.0,1316914.0,118522.26,118522.26,0,1316914.0,1553958.52
2026-05-28,GST/0117/26-27,GST Sales,Sale,M/s Pinnacle Solutions,Unknown State,Unknown Region,SPONGE IRON,64.87,26150.0,1696350.5,152671.55,152671.55,0,1696350.5,2001693.6
2026-05-30,GST/0122/26-27,GST Sales,Sale,Anantech Ventures Limited (Sales A/c),Unknown State,Unknown Region,SPONGE IRON,65.31,26700.0,1743777.0,156939.93,156939.93,0,1743777.0,2057656.86
2026-05-29,GST/0119/26-27,GST Sales,Sale,Shivans Steel Private Limited (Sales A/c),Unknown State,Unknown Region,SPONGE IRON,63.47,25975.0,1648633.25,148376.99,148376.99,0,1648633.25,1945387.23
2026-05-30,GST/0123/26-27,GST Sales,Sale,Anantech Ventures Limited (Sales A/c),Unknown State,Unknown Region,SPONGE IRON,58.07,26700.0,1550469.0,155252.84,155252.84,0,1725031.5,2035537.18
2026-05-30,GST/0123/26-27,GST Sales,Sale,Anantech Ventures Limited (Sales A/c),Unknown State,Unknown Region,SPONGE IRON,6.65,26250.0,174562.5,0.0,0.0,0.0,0.0,0.0
2026-05-30,GST/0120/26-27,GST Sales,Sale,M/s Pinnacle Solutions,Unknown State,Unknown Region,SPONGE IRON,48.71,26150.0,1273766.5,114638.99,114638.99,0,1273766.5,1503044.48
2026-05-31,GST/0125/26-27,GST Sales,Sale,Shivans Steel Private Limited (Sales A/c),Unknown State,Unknown Region,SPONGE IRON,47.22,25975.0,1226539.5,157618.58,157618.58,0,1751317.5,2066554.66
2026-05-31,GST/0125/26-27,GST Sales,Sale,Shivans Steel Private Limited (Sales A/c),Unknown State,Unknown Region,SPONGE IRON,17.88,29350.0,524778.0,0.0,0.0,0.0,0.0,0.0
2026-06-02,GST/0128/26-27,GST Sales,Sale,Shivans Steel Private Limited (Sales A/c),Unknown State,Unknown Region,SPONGE IRON,65.45,25975.0,1700063.75,153005.74,153005.74,0,1700063.75,2006075.23
2026-06-03,GST/0131/26-27,GST Sales,Sale,Shivans Steel Private Limited (Sales A/c),Unknown State,Unknown Region,SPONGE IRON,64.89,25975.0,1685517.75,151696.6,151696.6,0,1685517.75,1988910.95
2026-06-04,GST/0134/26-27,GST Sales,Sale,Anantech Ventures Limited (Sales A/c),Unknown State,Unknown Region,SPONGE IRON,35.38,26800.0,948184.0,123298.7,123298.7,0,1369985.5,1616582.9
2026-06-04,GST/0134/26-27,GST Sales,Sale,Anantech Ventures Limited (Sales A/c),Unknown State,Unknown Region,SPONGE IRON,14.57,28950.0,421801.5,0.0,0.0,0.0,0.0,0.0
2026-06-02,GST/0127/26-27,GST Sales,Sale,Shivans Steel Private Limited (Sales A/c),Unknown State,Unknown Region,SPONGE IRON,55.74,26200.0,1460388.0,154702.98,154702.98,0,1718922.0,2028327.96
2026-06-02,GST/0127/26-27,GST Sales,Sale,Shivans Steel Private Limited (Sales A/c),Unknown State,Unknown Region,SPONGE IRON,9.54,27100.0,258534.0,0.0,0.0,0.0,0.0,0.0
2026-06-03,GST/0130/26-27,GST Sales,Sale,Shivans Steel Private Limited (Sales A/c),Unknown State,Unknown Region,SPONGE IRON,64.9,26200.0,1700380.0,153034.2,153034.2,0,1700380.0,2006448.4
2026-06-04,GST/0133/26-27,GST Sales,Sale,Shivans Steel Private Limited (Sales A/c),Unknown State,Unknown Region,SPONGE IRON,64.85,26200.0,1699070.0,152916.3,152916.3,0,1699070.0,2004902.6
2026-06-01,GST/0126/26-27,GST Sales,Sale,M/s Pinnacle Solutions,Unknown State,Unknown Region,SPONGE IRON,25.85,26150.0,675977.5,113260.28,113260.28,0,1258447.5,1484968.06
2026-06-01,GST/0126/26-27,GST Sales,Sale,M/s Pinnacle Solutions,Unknown State,Unknown Region,SPONGE IRON,21.98,26500.0,582470.0,0.0,0.0,0.0,0.0,0.0
2026-06-03,GST/0129/26-27,GST Sales,Sale,Shivans Steel Private Limited (Sales A/c),Unknown State,Unknown Region,SPONGE IRON,65.7,26200.0,1721340.0,154920.6,154920.6,0,1721340.0,2031181.2
2026-06-04,GST/0132/26-27,GST Sales,Sale,SURYANSH TRACKING SYSTEMS PVT LTD,Unknown State,Unknown Region,SPONGE IRON,48.5,26280.0,1274580.0,114712.2,114712.2,0,1274580.0,1504004.4
2026-06-05,GST/0135/26-27,GST Sales,Sale,Shivans Steel Private Limited (Sales A/c),Unknown State,Unknown Region,SPONGE IRON,64.81,26200.0,1698022.0,152821.98,152821.98,0,1698022.0,2003665.96
2026-06-06,GST/0136/26-27,GST Sales,Sale,Shivans Steel Private Limited (Sales A/c),Unknown State,Unknown Region,SPONGE IRON,65.08,26200.0,1705096.0,153458.64,153458.64,0,1705096.0,2012013.28
2026-06-07,GST/0138/26-27,GST Sales,Sale,Shivans Steel Private Limited (Sales A/c),Unknown State,Unknown Region,SPONGE IRON,65.59,26200.0,1718458.0,154661.22,154661.22,0,1718458.0,2027780.44
2026-06-09,GST/0141/26-27,GST Sales,Sale,SURYANSH TRACKING SYSTEMS PVT LTD,Unknown State,Unknown Region,SPONGE IRON,36.08,25830.0,931946.4,83875.18,83875.18,0,931946.4,1099696.76
2026-06-06,GST/0137/26-27,GST Sales,Sale,Anantech Ventures Limited (Sales A/c),Unknown State,Unknown Region,SPONGE IRON,64.32,26800.0,1723776.0,155139.84,155139.84,0,1723776.0,2034055.68
2026-06-08,GST/0139/26-27,GST Sales,Sale,Shivans Steel Private Limited (Sales A/c),Unknown State,Unknown Region,SPONGE IRON,42.78,25975.0,1111210.5,187803.77,187803.77,0,2086708.5,2462316.04
2026-06-08,GST/0139/26-27,GST Sales,Sale,Shivans Steel Private Limited (Sales A/c),Unknown State,Unknown Region,SPONGE IRON,37.81,25800.0,975498.0,0.0,0.0,0.0,0.0,0.0
2026-06-10,GST/0142/26-27,GST Sales,Sale,Shivans Steel Private Limited (Sales A/c),Unknown State,Unknown Region,SPONGE IRON,16.19,25975.0,420535.25,113173.85,113173.85,0,1257487.25,1483834.95
2026-06-10,GST/0142/26-27,GST Sales,Sale,Shivans Steel Private Limited (Sales A/c),Unknown State,Unknown Region,SPONGE IRON,32.44,25800.0,836952.0,0.0,0.0,0.0,0.0,0.0
2026-06-09,GST/0140/26-27,GST Sales,Sale,SURYANSH TRACKING SYSTEMS PVT LTD,Unknown State,Unknown Region,SPONGE IRON,50.58,26280.0,1329242.4,119631.82,119631.82,0,1329242.4,1568506.04
2026-06-10,SSL/2526/CN/001,Credit Note ( Sales),Return,Brijbihari Concast Pvt Ltd,Unknown State,Unknown Region,SPONGE IRON,0.0,0.0,351461.0,0,0,63262.98,351461.11,414724.09
2026-06-12,GST/0146/26-27,GST Sales,Sale,SURYANSH TRACKING SYSTEMS PVT LTD,Unknown State,Unknown Region,SPONGE IRON,35.0,25830.0,904050.0,81364.5,81364.5,0,904050.0,1066779.0
2026-06-12,GST/0147/26-27,GST Sales,Sale,SURYANSH TRACKING SYSTEMS PVT LTD,Unknown State,Unknown Region,SPONGE IRON,51.74,25830.0,1336444.2,120279.98,120279.98,0,1336444.2,1577004.16
2026-06-13,GST/0152/26-27,GST Sales,Sale,SURYANSH TRACKING SYSTEMS PVT LTD,Unknown State,Unknown Region,SPONGE IRON,75.84,25830.0,1958947.2,176305.25,176305.25,0,1958947.2,2311557.7
2026-06-11,GST/0143/26-27,GST Sales,Sale,SURYANSH TRACKING SYSTEMS PVT LTD,Unknown State,Unknown Region,SPONGE IRON,62.7,25830.0,1619541.0,145758.69,145758.69,0,1619541.0,1911058.38
2026-06-11,GST/0145/26-27,GST Sales,Sale,Anantech Ventures Limited (Sales A/c),Unknown State,Unknown Region,SPONGE IRON,65.35,26800.0,1751380.0,157624.2,157624.2,0,1751380.0,2066628.4
2026-06-12,GST/0148/26-27,GST Sales,Sale,Shivans Steel Private Limited (Sales A/c),Unknown State,Unknown Region,SPONGE IRON,60.78,26400.0,1604592.0,144413.28,144413.28,0,1604592.0,1893418.56
2026-06-13,GST/0150/26-27,GST Sales,Sale,SURYANSH TRACKING SYSTEMS PVT LTD,Unknown State,Unknown Region,SPONGE IRON,34.91,26230.0,915689.3,82412.04,82412.04,0,915689.3,1080513.38
2026-06-13,GST/0151/26-27,GST Sales,Sale,Shivans Steel Private Limited (Sales A/c),Unknown State,Unknown Region,SPONGE IRON,64.61,26400.0,1705704.0,153513.36,153513.36,0,1705704.0,2012730.72
2026-06-16,GST/0156/26-27,GST Sales,Sale,Shivans Steel Private Limited (Sales A/c),Unknown State,Unknown Region,SPONGE IRON,61.12,26400.0,1613568.0,145221.12,145221.12,0,1613568.0,1904010.24
2026-06-18,GST/0157/26-27,GST Sales,Sale,Rattan Ispat Limited,Unknown State,Unknown Region,SPONGE IRON,58.34,15900.0,927606.0,0,0,166969.08,927606.0,1094575.08
2026-06-16,GST/0155/26-27,GST Sales,Sale,Shivans Steel Private Limited (Sales A/c),Unknown State,Unknown Region,SPONGE IRON,61.04,26400.0,1611456.0,145031.04,145031.04,0,1611456.0,1901518.08
2026-06-19,GST/0158/26-27,GST Sales,Sale,SURYANSH TRACKING SYSTEMS PVT LTD,Unknown State,Unknown Region,SPONGE IRON,42.11,26680.0,1123494.8,101114.53,101114.53,0,1123494.8,1325723.86
2026-06-20,GST/0160/26-27,GST Sales,Sale,SURYANSH TRACKING SYSTEMS PVT LTD,Unknown State,Unknown Region,SPONGE IRON,6.2,25830.0,160146.0,150460.28,150460.28,0,1671780.9,1972701.46
2026-06-20,GST/0160/26-27,GST Sales,Sale,SURYANSH TRACKING SYSTEMS PVT LTD,Unknown State,Unknown Region,SPONGE IRON,57.63,26230.0,1511634.9,0.0,0.0,0.0,0.0,0.0
2026-06-21,GST/0165/26-27,GST Sales,Sale,Shivans Steel Private Limited (Sales A/c),Unknown State,Unknown Region,SPONGE IRON,65.25,25575.0,1668768.75,150189.19,150189.19,0,1668768.75,1969147.13
2026-06-22,GST/0166/26-27,GST Sales,Sale,SURYANSH TRACKING SYSTEMS PVT LTD,Unknown State,Unknown Region,SPONGE IRON,42.95,26680.0,1145906.0,103131.54,103131.54,0,1145906.0,1352169.08
2026-06-23,GST/0169/26-27,GST Sales,Sale,SURYANSH TRACKING SYSTEMS PVT LTD,Unknown State,Unknown Region,SPONGE IRON,60.01,25830.0,1550058.3,139505.25,139505.25,0,1550058.3,1829068.8
2026-06-20,GST/0159/26-27,GST Sales,Sale,SURYANSH TRACKING SYSTEMS PVT LTD,Unknown State,Unknown Region,SPONGE IRON,64.18,25830.0,1657769.4,149199.25,149199.25,0,1657769.4,1956167.9
2026-06-21,GST/0164/26-27,GST Sales,Sale,Shivans Steel Private Limited (Sales A/c),Unknown State,Unknown Region,SPONGE IRON,61.84,25575.0,1581558.0,142340.22,142340.22,0,1581558.0,1866238.44
2026-06-20,GST/0161/26-27,GST Sales,Sale,SURYANSH TRACKING SYSTEMS PVT LTD,Unknown State,Unknown Region,SPONGE IRON,42.02,26230.0,1102184.6,99196.61,99196.61,0,1102184.6,1300577.82
2026-06-21,GST/0162/26-27,GST Sales,Sale,SURYANSH TRACKING SYSTEMS PVT LTD,Unknown State,Unknown Region,SPONGE IRON,34.71,26230.0,910443.3,81939.9,81939.9,0,910443.3,1074323.1
2026-06-22,GST/0167/26-27,GST Sales,Sale,Shivans Steel Private Limited (Sales A/c),Unknown State,Unknown Region,SPONGE IRON,65.14,25575.0,1665955.5,149936.0,149936.0,0,1665955.5,1965827.5
2026-06-23,GST/0170/26-27,GST Sales,Sale,Shivans Steel Private Limited (Sales A/c),Unknown State,Unknown Region,SPONGE IRON,31.62,25575.0,808681.5,141282.97,141282.97,0,1569810.75,1852376.69
2026-06-23,GST/0170/26-27,GST Sales,Sale,Shivans Steel Private Limited (Sales A/c),Unknown State,Unknown Region,SPONGE IRON,29.19,26075.0,761129.25,0.0,0.0,0.0,0.0,0.0
2026-06-24,GST/0172/26-27,GST Sales,Sale,SURYANSH TRACKING SYSTEMS PVT LTD,Unknown State,Unknown Region,SPONGE IRON,48.82,25830.0,1261020.6,113491.85,113491.85,0,1261020.6,1488004.3
2026-06-25,GST/0176/26-27,GST Sales,Sale,Shivans Steel Private Limited (Sales A/c),Unknown State,Unknown Region,SPONGE IRON,4.97,25575.0,127107.75,113728.86,113728.86,0,1263654.0,1491111.72
2026-06-25,GST/0176/26-27,GST Sales,Sale,Shivans Steel Private Limited (Sales A/c),Unknown State,Unknown Region,SPONGE IRON,44.79,25375.0,1136546.25,0.0,0.0,0.0,0.0,0.0
2026-06-21,GST/0163/26-27,GST Sales,Sale,Shivans Steel Private Limited (Sales A/c),Unknown State,Unknown Region,SPONGE IRON,46.68,26200.0,1223016.0,153632.16,153632.16,0,1707024.0,2014288.32
2026-06-21,GST/0163/26-27,GST Sales,Sale,Shivans Steel Private Limited (Sales A/c),Unknown State,Unknown Region,SPONGE IRON,18.06,26800.0,484008.0,0.0,0.0,0.0,0.0,0.0
2026-06-22,GST/0168/26-27,GST Sales,Sale,Shivans Steel Private Limited (Sales A/c),Unknown State,Unknown Region,SPONGE IRON,61.99,25575.0,1585394.25,142685.48,142685.48,0,1585394.25,1870765.21
2026-06-25,GST/0173/26-27,GST Sales,Sale,SURYANSH TRACKING SYSTEMS PVT LTD,Unknown State,Unknown Region,SPONGE IRON,36.15,25830.0,933754.5,84037.91,84037.91,0,933754.5,1101830.32
2026-06-25,GST/0175/26-27,GST Sales,Sale,SURYANSH TRACKING SYSTEMS PVT LTD,Unknown State,Unknown Region,SPONGE IRON,56.8,15530.0,882104.0,79389.36,79389.36,0,882104.0,1040882.72
2026-06-25,GST/0174/26-27,GST Sales,Sale,SURYANSH TRACKING SYSTEMS PVT LTD,Unknown State,Unknown Region,SPONGE IRON,49.62,15530.0,770598.6,69353.87,69353.87,0,770598.6,909306.34
2026-06-26,GST/0179/26-27,GST Sales,Sale,Rattan Ispat Limited,Unknown State,Unknown Region,SPONGE IRON,64.74,15900.0,1029366.0,0,0,185285.88,1029366.0,1214651.88
2026-06-26,GST/0178/26-27,GST Sales,Sale,Anantech Ventures Limited (Sales A/c),Unknown State,Unknown Region,SPONGE IRON,22.01,26800.0,589868.0,166453.43,166453.43,0,1849482.5,2182389.36
2026-06-26,GST/0178/26-27,GST Sales,Sale,Anantech Ventures Limited (Sales A/c),Unknown State,Unknown Region,SPONGE IRON,43.51,28950.0,1259614.5,0.0,0.0,0.0,0.0,0.0
2026-06-27,GST/0180/26-27,GST Sales,Sale,Shivans Steel Private Limited (Sales A/c),Unknown State,Unknown Region,SPONGE IRON,65.4,25800.0,1687320.0,151858.8,151858.8,0,1687320.0,1991037.6
2026-06-26,GST/0177/26-27,GST Sales,Sale,Shivans Steel Private Limited (Sales A/c),Unknown State,Unknown Region,SPONGE IRON,64.51,25800.0,1664358.0,149792.22,149792.22,0,1664358.0,1963942.44
2026-06-26,SSL/2526/CN/002,Credit Note ( Sales),Return,Shivans Steel Private Limited (Sales A/c),Unknown State,Unknown Region,SPONGE IRON,0.0,0.0,19488.0,1753.92,1753.92,0,19488.16,22996.0
2026-06-27,GST/0181/26-27,GST Sales,Sale,PRMS Iron & Steel Pvt Ltd,Unknown State,Unknown Region,SPONGE IRON,49.81,25900.0,1290079.0,116107.11,116107.11,0,1290079.0,1522293.22
2026-06-29,GST/0183/26-27,GST Sales,Sale,M/s Pinnacle Solutions,Unknown State,Unknown Region,SPONGE IRON,62.62,25850.0,1618727.0,145685.43,145685.43,0,1618727.0,1910097.86
2026-06-30,GST/0189/26-27,GST Sales,Sale,PRMS Iron & Steel Pvt Ltd,Unknown State,Unknown Region,SPONGE IRON,51.85,25900.0,1342915.0,120862.35,120862.35,0,1342915.0,1584639.7
2026-07-01,GST/0190/26-27,GST Sales,Sale,Shivans Steel Private Limited (Sales A/c),Unknown State,Unknown Region,SPONGE IRON,64.94,25375.0,1647852.5,148306.73,148306.73,0,1647852.5,1944465.96
2026-07-05,GST/0197/26-27,GST Sales,Sale,M/s Pinnacle Solutions,Unknown State,Unknown Region,SPONGE IRON,62.24,25850.0,1608904.0,144801.36,144801.36,0,1608904.0,1898506.72
2026-06-29,GST/0184/26-27,GST Sales,Sale,Anantech Ventures Limited (Sales A/c),Unknown State,Unknown Region,SPONGE IRON,64.9,26800.0,1739320.0,156538.8,156538.8,0,1739320.0,2052397.6
2026-06-30,GST/0186/26-27,GST Sales,Sale,Shivans Steel Private Limited (Sales A/c),Unknown State,Unknown Region,SPONGE IRON,64.22,25375.0,1629582.5,146662.43,146662.43,0,1629582.5,1922907.36
2026-07-01,GST/0191/26-27,GST Sales,Sale,SURYANSH TRACKING SYSTEMS PVT LTD,Unknown State,Unknown Region,SPONGE IRON,65.15,25830.0,1682824.5,151454.21,151454.21,0,1682824.5,1985732.92
2026-07-02,GST/0192/26-27,GST Sales,Sale,SURYANSH TRACKING SYSTEMS PVT LTD,Unknown State,Unknown Region,SPONGE IRON,42.01,26680.0,1120826.8,100874.41,100874.41,0,1120826.8,1322575.62
2026-06-29,GST/0185/26-27,GST Sales,Sale,Shivans Steel Private Limited (Sales A/c),Unknown State,Unknown Region,SPONGE IRON,65.32,25775.0,1683623.0,151526.07,151526.07,0,1683623.0,1986675.14
2026-06-30,GST/0187/26-27,GST Sales,Sale,M/s Pinnacle Solutions,Unknown State,Unknown Region,SPONGE IRON,65.16,25850.0,1684386.0,151594.74,151594.74,0,1684386.0,1987575.48
2026-07-02,GST/0193/26-27,GST Sales,Sale,Shivans Steel Private Limited (Sales A/c),Unknown State,Unknown Region,SPONGE IRON,63.94,25375.0,1622477.5,146022.98,146022.98,0,1622477.5,1914523.46
2026-06-29,GST/0182/26-27,GST Sales,Sale,Shivans Steel Private Limited (Sales A/c),Unknown State,Unknown Region,SPONGE IRON,64.56,25375.0,1638210.0,147438.9,147438.9,0,1638210.0,1933087.8
2026-06-30,GST/0188/26-27,GST Sales,Sale,SURYANSH TRACKING SYSTEMS PVT LTD,Unknown State,Unknown Region,SPONGE IRON,41.04,26680.0,1094947.2,98545.25,98545.25,0,1094947.2,1292037.7
2026-07-03,GST/0194/26-27,GST Sales,Sale,M/s Pinnacle Solutions,Unknown State,Unknown Region,SPONGE IRON,62.62,25850.0,1618727.0,145685.43,145685.43,0,1618727.0,1910097.86
2026-07-04,GST/0195/26-27,GST Sales,Sale,M/s Pinnacle Solutions,Unknown State,Unknown Region,SPONGE IRON,50.43,25850.0,1303615.5,117325.4,117325.4,0,1303615.5,1538266.3
2026-07-06,GST/0198/26-27,GST Sales,Sale,Shivans Steel Private Limited (Sales A/c),Unknown State,Unknown Region,SPONGE IRON,65.57,25800.0,1691706.0,152253.54,152253.54,0,1691706.0,1996213.08
2026-07-08,GST/0203/26-27,GST Sales,Sale,Anantech Ventures Limited (Sales A/c),Unknown State,Unknown Region,SPONGE IRON,65.07,26800.0,1743876.0,156948.84,156948.84,0,1743876.0,2057773.68
2026-07-07,GST/0199/26-27,GST Sales,Sale,Shivans Steel Private Limited (Sales A/c),Unknown State,Unknown Region,SPONGE IRON,64.68,25375.0,1641255.0,147712.95,147712.95,0,1641255.0,1936680.9
2026-07-08,GST/0204/26-27,GST Sales,Sale,SURYANSH TRACKING SYSTEMS PVT LTD,Unknown State,Unknown Region,SPONGE IRON,41.67,26680.0,1111755.6,100058.0,100058.0,0,1111755.6,1311871.6
2026-07-07,GST/0200/26-27,GST Sales,Sale,SURYANSH TRACKING SYSTEMS PVT LTD,Unknown State,Unknown Region,SPONGE IRON,61.31,14980.0,918423.8,82658.14,82658.14,0,918423.8,1083740.08
2026-07-07,GST/0201/26-27,GST Sales,Sale,SURYANSH TRACKING SYSTEMS PVT LTD,Unknown State,Unknown Region,SPONGE IRON,19.12,25830.0,493869.6,150794.12,150794.12,0,1675490.3,1977078.54
2026-07-07,GST/0201/26-27,GST Sales,Sale,SURYANSH TRACKING SYSTEMS PVT LTD,Unknown State,Unknown Region,SPONGE IRON,35.29,25830.0,911540.7,0.0,0.0,0.0,0.0,0.0
2026-07-07,GST/0201/26-27,GST Sales,Sale,SURYANSH TRACKING SYSTEMS PVT LTD,Unknown State,Unknown Region,SPONGE IRON,10.55,25600.0,270080.0,0.0,0.0,0.0,0.0,0.0
2026-07-11,GST/0206/26-27,GST Sales,Sale,SURYANSH TRACKING SYSTEMS PVT LTD,Unknown State,Unknown Region,SPONGE IRON,41.78,25380.0,1060376.4,95433.88,95433.88,0,1060376.4,1251244.16
2026-07-10,GST/0205/26-27,GST Sales,Sale,Anantech Ventures Limited (Sales A/c),Unknown State,Unknown Region,SPONGE IRON,64.33,26800.0,1724044.0,155163.96,155163.96,0,1724044.0,2034371.92
2026-07-11,GST/0207/26-27,GST Sales,Sale,Anantech Ventures Limited (Sales A/c),Unknown State,Unknown Region,SPONGE IRON,55.43,26800.0,1485524.0,155222.1,155222.1,0,1724690.0,2035134.2
2026-07-11,GST/0207/26-27,GST Sales,Sale,Anantech Ventures Limited (Sales A/c),Unknown State,Unknown Region,SPONGE IRON,9.27,25800.0,239166.0,0.0,0.0,0.0,0.0,0.0
2026-07-12,GST/0208/26-27,GST Sales,Sale,SURYANSH TRACKING SYSTEMS PVT LTD,Unknown State,Unknown Region,SPONGE IRON,81.5,24880.0,2027720.0,182494.8,182494.8,0,2027720.0,2392709.6
